{"cameraMode":{"drawMode":0,"name":"Shaded","section":"Shading Mode"},"sceneLighting":true,"audioPlay":false,"sceneViewState":{"showFog":true,"showMaterialUpdate":false,"showSkybox":true,"showFlares":true,"showImageEffects":true,"showParticleSystems":true},"in2DMode":false,"pivot":{"x":0.3209841549396515,"y":-0.9358584880828857,"z":0.53544020652771},"rotation":{"x":-0.6599632501602173,"y":-0.05684307590126991,"z":0.05018961802124977,"w":-0.7474613189697266},"size":2.925426483154297,"orthographic":false}